[
{
    "fields": {
        "status": 1,
        "version": 1,
        "refering": null,
        "descript": "Murks-Report about devices failing based on possible Planned obsolescence",
        "name": "Mk_report"
    },
    "model": "process.processdefinition",
    "pk": 1
},
{
    "fields": {
        "index": 1,
        "descript": "Report added by web user aka 'Murksreporter'",
        "name": "Add_report",
        "actiontype": 1,
        "process": 1,
        "role": 1
    },
    "model": "process.processstep",
    "pk": 1
},
{
    "fields": {
        "index": 2,
        "descript": "Editor aka Murksredakteur values report of a Murksreporter",
        "name": "Value_report",
        "actiontype": 1,
        "process": 1,
        "role": 2
    },
    "model": "process.processstep",
    "pk": 2
},
{
    "fields": {
        "index": 3,
        "descript": "Murksreport cleared by Editor > published",
        "name": "Publish_report",
        "actiontype": 1,
        "process": 1,
        "role": 3
    },
    "model": "process.processstep",
    "pk": 3
},
{
    "fields": {
        "logic": "0",
        "remark": "User submits new Murks report",
        "name": "Initiate process",
        "selfstep": 1,
        "process": 1,
        "prestep": null
    },
    "model": "process.statusscheme",
    "pk": 1
},
{
    "fields": {
        "logic": "0",
        "remark": "Editor decides status",
        "name": "Valuation",
        "selfstep": 2,
        "process": 1,
        "prestep": 1
    },
    "model": "process.statusscheme",
    "pk": 2
},
{
    "fields": {
        "logic": "0",
        "remark": "Editor clears for publication",
        "name": "Clearance",
        "selfstep": 3,
        "process": 1,
        "prestep": 2
    },
    "model": "process.statusscheme",
    "pk": 3
},
{
    "fields": {
        "logic": "",
        "remark": "Some information is missing, please update",
        "name": "Inquiry",
        "selfstep": 1,
        "process": 1,
        "prestep": 2
    },
    "model": "process.statusscheme",
    "pk": 4
},
{
    "fields": {
        "parameter": "{\"should_show_in_overview\":true}",
        "field_definition": 1,
        "editdefault": "",
        "order": 1,
        "interaction": 2,
        "step": 1
    },
    "model": "process.fieldperstep",
    "pk": 1
},
{
    "fields": {
        "parameter": "{}",
        "field_definition": 2,
        "editdefault": "",
        "order": 2,
        "interaction": 2,
        "step": 1
    },
    "model": "process.fieldperstep",
    "pk": 2
},
{
    "fields": {
        "parameter": "{}",
        "field_definition": 3,
        "editdefault": "",
        "order": 3,
        "interaction": 2,
        "step": 1
    },
    "model": "process.fieldperstep",
    "pk": 3
},
{
    "fields": {
        "parameter": "{}",
        "field_definition": 4,
        "editdefault": "",
        "order": 4,
        "interaction": 1,
        "step": 1
    },
    "model": "process.fieldperstep",
    "pk": 4
},
{
    "fields": {
        "parameter": "{}",
        "field_definition": 5,
        "editdefault": "",
        "order": 5,
        "interaction": 1,
        "step": 1
    },
    "model": "process.fieldperstep",
    "pk": 5
},
{
    "fields": {
        "parameter": "{}",
        "field_definition": 6,
        "editdefault": "",
        "order": 6,
        "interaction": 2,
        "step": 1
    },
    "model": "process.fieldperstep",
    "pk": 6
},
{
    "fields": {
        "parameter": "{}",
        "field_definition": 7,
        "editdefault": "",
        "order": 7,
        "interaction": 1,
        "step": 1
    },
    "model": "process.fieldperstep",
    "pk": 7
},
{
    "fields": {
        "parameter": "{\"should_show_in_overview\":true}",
        "field_definition": 1,
        "editdefault": "",
        "order": 1,
        "interaction": 0,
        "step": 2
    },
    "model": "process.fieldperstep",
    "pk": 8
},
{
    "fields": {
        "parameter": "{}",
        "field_definition": 2,
        "editdefault": "",
        "order": 2,
        "interaction": 0,
        "step": 2
    },
    "model": "process.fieldperstep",
    "pk": 9
},
{
    "fields": {
        "parameter": "{}",
        "field_definition": 3,
        "editdefault": "",
        "order": 3,
        "interaction": 0,
        "step": 2
    },
    "model": "process.fieldperstep",
    "pk": 10
},
{
    "fields": {
        "parameter": "{}",
        "field_definition": 4,
        "editdefault": "",
        "order": 4,
        "interaction": 0,
        "step": 2
    },
    "model": "process.fieldperstep",
    "pk": 11
},
{
    "fields": {
        "parameter": "{}",
        "field_definition": 5,
        "editdefault": "",
        "order": 5,
        "interaction": 0,
        "step": 2
    },
    "model": "process.fieldperstep",
    "pk": 12
},
{
    "fields": {
        "parameter": "{}",
        "field_definition": 6,
        "editdefault": "",
        "order": 6,
        "interaction": 0,
        "step": 2
    },
    "model": "process.fieldperstep",
    "pk": 13
},
{
    "fields": {
        "parameter": "{}",
        "field_definition": 7,
        "editdefault": "",
        "order": 7,
        "interaction": 0,
        "step": 2
    },
    "model": "process.fieldperstep",
    "pk": 14
},
{
    "fields": {
        "parameter": "",
        "field_definition": 1,
        "editdefault": "",
        "order": 1,
        "interaction": 0,
        "step": 3
    },
    "model": "process.fieldperstep",
    "pk": 15
},
{
    "fields": {
        "parameter": "",
        "field_definition": 2,
        "editdefault": "",
        "order": 2,
        "interaction": 0,
        "step": 3
    },
    "model": "process.fieldperstep",
    "pk": 16
},
{
    "fields": {
        "parameter": "",
        "field_definition": 3,
        "editdefault": "",
        "order": 3,
        "interaction": 0,
        "step": 3
    },
    "model": "process.fieldperstep",
    "pk": 17
},
{
    "fields": {
        "parameter": "",
        "field_definition": 6,
        "editdefault": "",
        "order": 4,
        "interaction": 0,
        "step": 3
    },
    "model": "process.fieldperstep",
    "pk": 18
},
{
    "fields": {
        "parameter": "",
        "field_definition": 7,
        "editdefault": "",
        "order": 5,
        "interaction": 0,
        "step": 3
    },
    "model": "process.fieldperstep",
    "pk": 19
},
{
    "fields": {
        "fieldtype": 1,
        "type": 8,
        "descript": "Device category",
        "name": "category",
        "parent": 1,
        "process": null,
        "fieldhelp": "Kategorie des gemeldeten Ger\u00e4ts, entsprechend einer (noch zu definierenden) Liste",
        "length": 1
    },
    "model": "process.fielddefinition",
    "pk": 1
},
{
    "fields": {
        "fieldtype": 1,
        "type": 40,
        "descript": "Company or brand name",
        "name": "producer",
        "parent": 1,
        "process": null,
        "fieldhelp": "Hersteller oder Marke des Ger\u00e4ts",
        "length": 1
    },
    "model": "process.fielddefinition",
    "pk": 2
},
{
    "fields": {
        "fieldtype": 1,
        "type": 40,
        "descript": "Model Code ",
        "name": "model",
        "parent": 1,
        "process": null,
        "fieldhelp": "Modellbezeichnung oder Typnummer des Ger\u00e4ts",
        "length": 1
    },
    "model": "process.fielddefinition",
    "pk": 3
},
{
    "fields": {
        "fieldtype": 5,
        "type": 1,
        "descript": "Date when the device was bought new",
        "name": "date_bought",
        "parent": 1,
        "process": null,
        "fieldhelp": "Kaufdatum als Neuger\u00e4ts",
        "length": 1
    },
    "model": "process.fielddefinition",
    "pk": 4
},
{
    "fields": {
        "fieldtype": 5,
        "type": 1,
        "descript": "Date when the device failed first",
        "name": "date_failed",
        "parent": 1,
        "process": null,
        "fieldhelp": "Datum an dem das Ger\u00e4t erstmals ausfiel ",
        "length": 1
    },
    "model": "process.fielddefinition",
    "pk": 5
},
{
    "fields": {
        "fieldtype": 1,
        "type": 400,
        "descript": "Failure or error description",
        "name": "failure",
        "parent": 1,
        "process": null,
        "fieldhelp": "Fehlerbeschreibung",
        "length": 1
    },
    "model": "process.fielddefinition",
    "pk": 6
},
{
    "fields": {
        "fieldtype": 1,
        "type": 200,
        "descript": "planned aspect of failure ",
        "name": "fail_planned",
        "parent": 1,
        "process": null,
        "fieldhelp": "Aspekt des Fehlers, der auf geplanten Verschleiss hinweist",
        "length": 1
    },
    "model": "process.fielddefinition",
    "pk": 7
},
{
    "fields": {
        "descript": "Registered User allowed to send Murksreports",
        "process": 1,
        "name": "User"
    },
    "model": "process.roledefinition",
    "pk": 1
},
{
    "fields": {
        "descript": "Murksredakteur who values user reports",
        "process": 1,
        "name": "Editor"
    },
    "model": "process.roledefinition",
    "pk": 2
},
{
    "fields": {
        "descript": "Web user reading reports or statistics",
        "process": 1,
        "name": "Reader"
    },
    "model": "process.roledefinition",
    "pk": 3
},
{
    "fields": {
        "status": 3,
        "starttime": "2015-03-12T22:38:06Z",
        "procdata": "{\"category\":\"foo\",\"producer\":\"bar\",\"model\":\"\",\"date_bought\":\"\",\"date_failed\":\"\",\"failure\":\"\",\"fail_planned\":\"\"}",
        "process": 1,
        "stoptime": "2015-03-12T22:38:06Z",
        "currentstep": 1
    },
    "model": "process.processinstance",
    "pk": 22
},
{
    "fields": {
        "status": 3,
        "starttime": "2015-03-13T09:09:32.728Z",
        "procdata": "{\"category\":\"\",\"producer\":\"\",\"model\":\"\",\"date_bought\":\"\",\"date_failed\":\"asdf\",\"failure\":\"\",\"fail_planned\":\"\"}",
        "process": 1,
        "stoptime": "2015-03-13T09:09:32.729Z",
        "currentstep": 3
    },
    "model": "process.processinstance",
    "pk": 23
},
{
    "fields": {
        "status": 3,
        "starttime": "2015-03-13T12:30:00.261Z",
        "procdata": "{}",
        "process": 1,
        "stoptime": "2015-03-13T12:30:00.262Z",
        "currentstep": 3
    },
    "model": "process.processinstance",
    "pk": 24
},
{
    "fields": {
        "procinst": 22,
        "entrytime": "2015-03-13T10:25:13Z",
        "pycuser": 1,
        "role": 1,
        "exittime": null
    },
    "model": "process.roleinstance",
    "pk": 1
},
{
    "fields": {
        "time": "2015-02-07T13:10:02Z",
        "action": "Log Demo manuell "
    },
    "model": "process.pyclog",
    "pk": 2
}
]
