[
{
    "fields": {
        "name": "log entry",
        "app_label": "admin",
        "model": "logentry"
    },
    "pk": 1,
    "model": "contenttypes.contenttype"
},
{
    "fields": {
        "name": "permission",
        "app_label": "auth",
        "model": "permission"
    },
    "pk": 2,
    "model": "contenttypes.contenttype"
},
{
    "fields": {
        "name": "group",
        "app_label": "auth",
        "model": "group"
    },
    "pk": 3,
    "model": "contenttypes.contenttype"
},
{
    "fields": {
        "name": "user",
        "app_label": "auth",
        "model": "user"
    },
    "pk": 4,
    "model": "contenttypes.contenttype"
},
{
    "fields": {
        "name": "content type",
        "app_label": "contenttypes",
        "model": "contenttype"
    },
    "pk": 5,
    "model": "contenttypes.contenttype"
},
{
    "fields": {
        "name": "session",
        "app_label": "sessions",
        "model": "session"
    },
    "pk": 6,
    "model": "contenttypes.contenttype"
},
{
    "fields": {
        "name": "process def",
        "app_label": "process",
        "model": "processdef"
    },
    "pk": 7,
    "model": "contenttypes.contenttype"
},
{
    "fields": {
        "name": "process step",
        "app_label": "process",
        "model": "processstep"
    },
    "pk": 8,
    "model": "contenttypes.contenttype"
},
{
    "fields": {
        "name": "status scheme",
        "app_label": "process",
        "model": "statusscheme"
    },
    "pk": 9,
    "model": "contenttypes.contenttype"
},
{
    "fields": {
        "name": "field perstep",
        "app_label": "process",
        "model": "fieldperstep"
    },
    "pk": 10,
    "model": "contenttypes.contenttype"
},
{
    "fields": {
        "name": "field definition",
        "app_label": "process",
        "model": "fielddefinition"
    },
    "pk": 11,
    "model": "contenttypes.contenttype"
},
{
    "fields": {
        "name": "role def",
        "app_label": "process",
        "model": "roledef"
    },
    "pk": 12,
    "model": "contenttypes.contenttype"
},
{
    "fields": {
        "name": "proc instance",
        "app_label": "process",
        "model": "procinstance"
    },
    "pk": 13,
    "model": "contenttypes.contenttype"
},
{
    "fields": {
        "name": "role instance",
        "app_label": "process",
        "model": "roleinstance"
    },
    "pk": 14,
    "model": "contenttypes.contenttype"
},
{
    "fields": {
        "name": "pyc log",
        "app_label": "process",
        "model": "pyclog"
    },
    "pk": 15,
    "model": "contenttypes.contenttype"
},
{
    "fields": {
        "expire_date": "2015-03-26T22:37:35.183Z",
        "session_data": "NGZiOGYzZjViMzAzNmUzNzRjMGEyNDM1YTM0Y2UzOGEyYWJiZWQ1YTp7Il9hdXRoX3VzZXJfaGFzaCI6IjVmMDgzZThhMTNmZDBkZWRkMjZmNjc2MTk1NjRhYjYyNmI0ZTRiOWIiLCJfYXV0aF91c2VyX2JhY2tlbmQiOiJkamFuZ28uY29udHJpYi5hdXRoLmJhY2tlbmRzLk1vZGVsQmFja2VuZCIsIl9hdXRoX3VzZXJfaWQiOjF9"
    },
    "pk": "zf6ppdp7wh8lrtzdxiky0ajte0tpofx7",
    "model": "sessions.session"
},
{
    "fields": {
        "refering": null,
        "name": "Mk_report",
        "descript": "Murks-Report about devices failing based on possible Planned obsolescence",
        "status": 1,
        "version": 1
    },
    "pk": 1,
    "model": "process.processdef"
},
{
    "fields": {
        "refering": null,
        "name": "Murksmeldung",
        "descript": "Meldungen \u00fcber Ger\u00e4te an denen geplante Obsoleszenz sichtbar wird.",
        "status": 0,
        "version": 1
    },
    "pk": 2,
    "model": "process.processdef"
},
{
    "fields": {
        "index": 1,
        "process": 1,
        "actiontype": 1,
        "name": "Add_report",
        "descript": "Report added by web user aka 'Murksreporter'",
        "role": 1
    },
    "pk": 1,
    "model": "process.processstep"
},
{
    "fields": {
        "index": 2,
        "process": 1,
        "actiontype": 1,
        "name": "Value_report",
        "descript": "Editor aka Murksredakteur values report of a Murksreporter",
        "role": 2
    },
    "pk": 2,
    "model": "process.processstep"
},
{
    "fields": {
        "index": 3,
        "process": 1,
        "actiontype": 1,
        "name": "Publish_report",
        "descript": "Murksreport cleared by Editor > published",
        "role": 3
    },
    "pk": 3,
    "model": "process.processstep"
},
{
    "fields": {
        "process": 1,
        "prestep": null,
        "name": "Initiate process",
        "selfstep": 1,
        "remark": "User submits new Murks report",
        "logic": "0"
    },
    "pk": 1,
    "model": "process.statusscheme"
},
{
    "fields": {
        "process": 1,
        "prestep": 1,
        "name": "Valuation",
        "selfstep": 2,
        "remark": "Editor decides status",
        "logic": "0"
    },
    "pk": 2,
    "model": "process.statusscheme"
},
{
    "fields": {
        "process": 1,
        "prestep": 2,
        "name": "Clearance",
        "selfstep": 3,
        "remark": "Editor clears for publication",
        "logic": "0"
    },
    "pk": 3,
    "model": "process.statusscheme"
},
{
    "fields": {
        "process": 1,
        "prestep": 2,
        "name": "Inquiry",
        "selfstep": 1,
        "remark": "Some information is missing, please update",
        "logic": ""
    },
    "pk": 4,
    "model": "process.statusscheme"
},
{
    "fields": {
        "interaction": 2,
        "parameter": "{\"should_show_in_overview\":true}",
        "field_definition": 1,
        "step": 1,
        "order": 1,
        "editdefault": ""
    },
    "pk": 1,
    "model": "process.fieldperstep"
},
{
    "fields": {
        "interaction": 2,
        "parameter": "{}",
        "field_definition": 2,
        "step": 1,
        "order": 2,
        "editdefault": ""
    },
    "pk": 2,
    "model": "process.fieldperstep"
},
{
    "fields": {
        "interaction": 2,
        "parameter": "{}",
        "field_definition": 3,
        "step": 1,
        "order": 3,
        "editdefault": ""
    },
    "pk": 3,
    "model": "process.fieldperstep"
},
{
    "fields": {
        "interaction": 1,
        "parameter": "{}",
        "field_definition": 4,
        "step": 1,
        "order": 4,
        "editdefault": ""
    },
    "pk": 4,
    "model": "process.fieldperstep"
},
{
    "fields": {
        "interaction": 1,
        "parameter": "{}",
        "field_definition": 5,
        "step": 1,
        "order": 5,
        "editdefault": ""
    },
    "pk": 5,
    "model": "process.fieldperstep"
},
{
    "fields": {
        "interaction": 2,
        "parameter": "{}",
        "field_definition": 6,
        "step": 1,
        "order": 6,
        "editdefault": ""
    },
    "pk": 6,
    "model": "process.fieldperstep"
},
{
    "fields": {
        "interaction": 1,
        "parameter": "{}",
        "field_definition": 7,
        "step": 1,
        "order": 7,
        "editdefault": ""
    },
    "pk": 7,
    "model": "process.fieldperstep"
},
{
    "fields": {
        "interaction": 0,
        "parameter": "{\"should_show_in_overview\":true}",
        "field_definition": 1,
        "step": 2,
        "order": 1,
        "editdefault": ""
    },
    "pk": 8,
    "model": "process.fieldperstep"
},
{
    "fields": {
        "interaction": 0,
        "parameter": "{}",
        "field_definition": 2,
        "step": 2,
        "order": 2,
        "editdefault": ""
    },
    "pk": 9,
    "model": "process.fieldperstep"
},
{
    "fields": {
        "interaction": 0,
        "parameter": "{}",
        "field_definition": 3,
        "step": 2,
        "order": 3,
        "editdefault": ""
    },
    "pk": 10,
    "model": "process.fieldperstep"
},
{
    "fields": {
        "interaction": 0,
        "parameter": "{}",
        "field_definition": 4,
        "step": 2,
        "order": 4,
        "editdefault": ""
    },
    "pk": 11,
    "model": "process.fieldperstep"
},
{
    "fields": {
        "interaction": 0,
        "parameter": "{}",
        "field_definition": 5,
        "step": 2,
        "order": 5,
        "editdefault": ""
    },
    "pk": 12,
    "model": "process.fieldperstep"
},
{
    "fields": {
        "interaction": 0,
        "parameter": "{}",
        "field_definition": 6,
        "step": 2,
        "order": 6,
        "editdefault": ""
    },
    "pk": 13,
    "model": "process.fieldperstep"
},
{
    "fields": {
        "interaction": 0,
        "parameter": "{}",
        "field_definition": 7,
        "step": 2,
        "order": 7,
        "editdefault": ""
    },
    "pk": 14,
    "model": "process.fieldperstep"
},
{
    "fields": {
        "interaction": 0,
        "parameter": "",
        "field_definition": 1,
        "step": 3,
        "order": 1,
        "editdefault": ""
    },
    "pk": 15,
    "model": "process.fieldperstep"
},
{
    "fields": {
        "interaction": 0,
        "parameter": "",
        "field_definition": 2,
        "step": 3,
        "order": 2,
        "editdefault": ""
    },
    "pk": 16,
    "model": "process.fieldperstep"
},
{
    "fields": {
        "interaction": 0,
        "parameter": "",
        "field_definition": 3,
        "step": 3,
        "order": 3,
        "editdefault": ""
    },
    "pk": 17,
    "model": "process.fieldperstep"
},
{
    "fields": {
        "interaction": 0,
        "parameter": "",
        "field_definition": 6,
        "step": 3,
        "order": 4,
        "editdefault": ""
    },
    "pk": 18,
    "model": "process.fieldperstep"
},
{
    "fields": {
        "interaction": 0,
        "parameter": "",
        "field_definition": 7,
        "step": 3,
        "order": 5,
        "editdefault": ""
    },
    "pk": 19,
    "model": "process.fieldperstep"
},
{
    "fields": {
        "parent": 1,
        "process": null,
        "length": 1,
        "name": "category",
        "type": 8,
        "fieldhelp": "Kategorie des gemeldeten Ger\u00e4ts, entsprechend einer (noch zu definierenden) Liste",
        "descript": "Device category",
        "fieldtype": 1
    },
    "pk": 1,
    "model": "process.fielddefinition"
},
{
    "fields": {
        "parent": 1,
        "process": null,
        "length": 1,
        "name": "producer",
        "type": 40,
        "fieldhelp": "Hersteller oder Marke des Ger\u00e4ts",
        "descript": "Company or brand name",
        "fieldtype": 1
    },
    "pk": 2,
    "model": "process.fielddefinition"
},
{
    "fields": {
        "parent": 1,
        "process": null,
        "length": 1,
        "name": "model",
        "type": 40,
        "fieldhelp": "Modellbezeichnung oder Typnummer des Ger\u00e4ts",
        "descript": "Model Code ",
        "fieldtype": 1
    },
    "pk": 3,
    "model": "process.fielddefinition"
},
{
    "fields": {
        "parent": 1,
        "process": null,
        "length": 1,
        "name": "date_bought",
        "type": 1,
        "fieldhelp": "Kaufdatum als Neuger\u00e4ts",
        "descript": "Date when the device was bought new",
        "fieldtype": 5
    },
    "pk": 4,
    "model": "process.fielddefinition"
},
{
    "fields": {
        "parent": 1,
        "process": null,
        "length": 1,
        "name": "date_failed",
        "type": 1,
        "fieldhelp": "Datum an dem das Ger\u00e4t erstmals ausfiel ",
        "descript": "Date when the device failed first",
        "fieldtype": 5
    },
    "pk": 5,
    "model": "process.fielddefinition"
},
{
    "fields": {
        "parent": 1,
        "process": null,
        "length": 1,
        "name": "failure",
        "type": 400,
        "fieldhelp": "Fehlerbeschreibung",
        "descript": "Failure or error description",
        "fieldtype": 1
    },
    "pk": 6,
    "model": "process.fielddefinition"
},
{
    "fields": {
        "parent": 1,
        "process": null,
        "length": 1,
        "name": "fail_planned",
        "type": 200,
        "fieldhelp": "Aspekt des Fehlers, der auf geplanten Verschleiss hinweist",
        "descript": "planned aspect of failure ",
        "fieldtype": 1
    },
    "pk": 7,
    "model": "process.fielddefinition"
},
{
    "fields": {
        "name": "User",
        "descript": "Registered User allowed to send Murksreports",
        "process": 1
    },
    "pk": 1,
    "model": "process.roledef"
},
{
    "fields": {
        "name": "Editor",
        "descript": "Murksredakteur who values user reports",
        "process": 1
    },
    "pk": 2,
    "model": "process.roledef"
},
{
    "fields": {
        "name": "Reader",
        "descript": "Web user reading reports or statistics",
        "process": 1
    },
    "pk": 3,
    "model": "process.roledef"
},
{
    "fields": {
        "process": 1,
        "currentstep": 1,
        "stoptime": "2015-03-12T22:38:06Z",
        "starttime": "2015-03-12T22:38:06Z",
        "status": 3,
        "procdata": "{\"category\":\"foo\",\"producer\":\"bar\",\"model\":\"\",\"date_bought\":\"\",\"date_failed\":\"\",\"failure\":\"\",\"fail_planned\":\"\"}"
    },
    "pk": 22,
    "model": "process.procinstance"
},
{
    "fields": {
        "process": 1,
        "currentstep": 3,
        "stoptime": "2015-03-13T09:09:32.729Z",
        "starttime": "2015-03-13T09:09:32.728Z",
        "status": 3,
        "procdata": "{\"category\":\"\",\"producer\":\"\",\"model\":\"\",\"date_bought\":\"\",\"date_failed\":\"asdf\",\"failure\":\"\",\"fail_planned\":\"\"}"
    },
    "pk": 23,
    "model": "process.procinstance"
},
{
    "fields": {
        "time": "2015-02-07T13:10:02Z",
        "action": "Log Demo manuell "
    },
    "pk": 2,
    "model": "process.pyclog"
},
{
    "fields": {
        "name": "Can add log entry",
        "content_type": 1,
        "codename": "add_logentry"
    },
    "pk": 1,
    "model": "auth.permission"
},
{
    "fields": {
        "name": "Can change log entry",
        "content_type": 1,
        "codename": "change_logentry"
    },
    "pk": 2,
    "model": "auth.permission"
},
{
    "fields": {
        "name": "Can delete log entry",
        "content_type": 1,
        "codename": "delete_logentry"
    },
    "pk": 3,
    "model": "auth.permission"
},
{
    "fields": {
        "name": "Can add permission",
        "content_type": 2,
        "codename": "add_permission"
    },
    "pk": 4,
    "model": "auth.permission"
},
{
    "fields": {
        "name": "Can change permission",
        "content_type": 2,
        "codename": "change_permission"
    },
    "pk": 5,
    "model": "auth.permission"
},
{
    "fields": {
        "name": "Can delete permission",
        "content_type": 2,
        "codename": "delete_permission"
    },
    "pk": 6,
    "model": "auth.permission"
},
{
    "fields": {
        "name": "Can add group",
        "content_type": 3,
        "codename": "add_group"
    },
    "pk": 7,
    "model": "auth.permission"
},
{
    "fields": {
        "name": "Can change group",
        "content_type": 3,
        "codename": "change_group"
    },
    "pk": 8,
    "model": "auth.permission"
},
{
    "fields": {
        "name": "Can delete group",
        "content_type": 3,
        "codename": "delete_group"
    },
    "pk": 9,
    "model": "auth.permission"
},
{
    "fields": {
        "name": "Can add user",
        "content_type": 4,
        "codename": "add_user"
    },
    "pk": 10,
    "model": "auth.permission"
},
{
    "fields": {
        "name": "Can change user",
        "content_type": 4,
        "codename": "change_user"
    },
    "pk": 11,
    "model": "auth.permission"
},
{
    "fields": {
        "name": "Can delete user",
        "content_type": 4,
        "codename": "delete_user"
    },
    "pk": 12,
    "model": "auth.permission"
},
{
    "fields": {
        "name": "Can add content type",
        "content_type": 5,
        "codename": "add_contenttype"
    },
    "pk": 13,
    "model": "auth.permission"
},
{
    "fields": {
        "name": "Can change content type",
        "content_type": 5,
        "codename": "change_contenttype"
    },
    "pk": 14,
    "model": "auth.permission"
},
{
    "fields": {
        "name": "Can delete content type",
        "content_type": 5,
        "codename": "delete_contenttype"
    },
    "pk": 15,
    "model": "auth.permission"
},
{
    "fields": {
        "name": "Can add session",
        "content_type": 6,
        "codename": "add_session"
    },
    "pk": 16,
    "model": "auth.permission"
},
{
    "fields": {
        "name": "Can change session",
        "content_type": 6,
        "codename": "change_session"
    },
    "pk": 17,
    "model": "auth.permission"
},
{
    "fields": {
        "name": "Can delete session",
        "content_type": 6,
        "codename": "delete_session"
    },
    "pk": 18,
    "model": "auth.permission"
},
{
    "fields": {
        "name": "Can add process def",
        "content_type": 7,
        "codename": "add_processdef"
    },
    "pk": 19,
    "model": "auth.permission"
},
{
    "fields": {
        "name": "Can change process def",
        "content_type": 7,
        "codename": "change_processdef"
    },
    "pk": 20,
    "model": "auth.permission"
},
{
    "fields": {
        "name": "Can delete process def",
        "content_type": 7,
        "codename": "delete_processdef"
    },
    "pk": 21,
    "model": "auth.permission"
},
{
    "fields": {
        "name": "Can add process step",
        "content_type": 8,
        "codename": "add_processstep"
    },
    "pk": 22,
    "model": "auth.permission"
},
{
    "fields": {
        "name": "Can change process step",
        "content_type": 8,
        "codename": "change_processstep"
    },
    "pk": 23,
    "model": "auth.permission"
},
{
    "fields": {
        "name": "Can delete process step",
        "content_type": 8,
        "codename": "delete_processstep"
    },
    "pk": 24,
    "model": "auth.permission"
},
{
    "fields": {
        "name": "Can add status scheme",
        "content_type": 9,
        "codename": "add_statusscheme"
    },
    "pk": 25,
    "model": "auth.permission"
},
{
    "fields": {
        "name": "Can change status scheme",
        "content_type": 9,
        "codename": "change_statusscheme"
    },
    "pk": 26,
    "model": "auth.permission"
},
{
    "fields": {
        "name": "Can delete status scheme",
        "content_type": 9,
        "codename": "delete_statusscheme"
    },
    "pk": 27,
    "model": "auth.permission"
},
{
    "fields": {
        "name": "Can add field perstep",
        "content_type": 10,
        "codename": "add_fieldperstep"
    },
    "pk": 28,
    "model": "auth.permission"
},
{
    "fields": {
        "name": "Can change field perstep",
        "content_type": 10,
        "codename": "change_fieldperstep"
    },
    "pk": 29,
    "model": "auth.permission"
},
{
    "fields": {
        "name": "Can delete field perstep",
        "content_type": 10,
        "codename": "delete_fieldperstep"
    },
    "pk": 30,
    "model": "auth.permission"
},
{
    "fields": {
        "name": "Can add field definition",
        "content_type": 11,
        "codename": "add_fielddefinition"
    },
    "pk": 31,
    "model": "auth.permission"
},
{
    "fields": {
        "name": "Can change field definition",
        "content_type": 11,
        "codename": "change_fielddefinition"
    },
    "pk": 32,
    "model": "auth.permission"
},
{
    "fields": {
        "name": "Can delete field definition",
        "content_type": 11,
        "codename": "delete_fielddefinition"
    },
    "pk": 33,
    "model": "auth.permission"
},
{
    "fields": {
        "name": "Can add role def",
        "content_type": 12,
        "codename": "add_roledef"
    },
    "pk": 34,
    "model": "auth.permission"
},
{
    "fields": {
        "name": "Can change role def",
        "content_type": 12,
        "codename": "change_roledef"
    },
    "pk": 35,
    "model": "auth.permission"
},
{
    "fields": {
        "name": "Can delete role def",
        "content_type": 12,
        "codename": "delete_roledef"
    },
    "pk": 36,
    "model": "auth.permission"
},
{
    "fields": {
        "name": "Can add proc instance",
        "content_type": 13,
        "codename": "add_procinstance"
    },
    "pk": 37,
    "model": "auth.permission"
},
{
    "fields": {
        "name": "Can change proc instance",
        "content_type": 13,
        "codename": "change_procinstance"
    },
    "pk": 38,
    "model": "auth.permission"
},
{
    "fields": {
        "name": "Can delete proc instance",
        "content_type": 13,
        "codename": "delete_procinstance"
    },
    "pk": 39,
    "model": "auth.permission"
},
{
    "fields": {
        "name": "Can add role instance",
        "content_type": 14,
        "codename": "add_roleinstance"
    },
    "pk": 40,
    "model": "auth.permission"
},
{
    "fields": {
        "name": "Can change role instance",
        "content_type": 14,
        "codename": "change_roleinstance"
    },
    "pk": 41,
    "model": "auth.permission"
},
{
    "fields": {
        "name": "Can delete role instance",
        "content_type": 14,
        "codename": "delete_roleinstance"
    },
    "pk": 42,
    "model": "auth.permission"
},
{
    "fields": {
        "name": "Can add pyc log",
        "content_type": 15,
        "codename": "add_pyclog"
    },
    "pk": 43,
    "model": "auth.permission"
},
{
    "fields": {
        "name": "Can change pyc log",
        "content_type": 15,
        "codename": "change_pyclog"
    },
    "pk": 44,
    "model": "auth.permission"
},
{
    "fields": {
        "name": "Can delete pyc log",
        "content_type": 15,
        "codename": "delete_pyclog"
    },
    "pk": 45,
    "model": "auth.permission"
},
{
    "fields": {
        "password": "pbkdf2_sha256$15000$VCT8CvtAY7QQ$cGmV7Nn7X4GDzDhYDA7Tl5Nl7Y0oWSbEe9eeQGmprgc=",
        "username": "dwt",
        "is_superuser": true,
        "last_login": "2015-03-12T22:37:35.180Z",
        "user_permissions": [],
        "first_name": "",
        "email": "",
        "is_active": true,
        "date_joined": "2015-03-12T22:37:30.033Z",
        "is_staff": true,
        "groups": [],
        "last_name": ""
    },
    "pk": 1,
    "model": "auth.user"
},
{
    "fields": {
        "procinst": 22,
        "entrytime": "2015-03-13T10:25:13Z",
        "pycuser": 1,
        "role": 1,
        "exittime": null
    },
    "pk": 1,
    "model": "process.roleinstance"
},
{
    "fields": {
        "object_repr": "1",
        "action_flag": 3,
        "action_time": "2015-03-12T22:37:58.306Z",
        "content_type": 13,
        "user": 1,
        "object_id": "1",
        "change_message": ""
    },
    "pk": 1,
    "model": "admin.logentry"
},
{
    "fields": {
        "object_repr": "2",
        "action_flag": 3,
        "action_time": "2015-03-12T22:37:58.310Z",
        "content_type": 13,
        "user": 1,
        "object_id": "2",
        "change_message": ""
    },
    "pk": 2,
    "model": "admin.logentry"
},
{
    "fields": {
        "object_repr": "3",
        "action_flag": 3,
        "action_time": "2015-03-12T22:37:58.311Z",
        "content_type": 13,
        "user": 1,
        "object_id": "3",
        "change_message": ""
    },
    "pk": 3,
    "model": "admin.logentry"
},
{
    "fields": {
        "object_repr": "4",
        "action_flag": 3,
        "action_time": "2015-03-12T22:37:58.313Z",
        "content_type": 13,
        "user": 1,
        "object_id": "4",
        "change_message": ""
    },
    "pk": 4,
    "model": "admin.logentry"
},
{
    "fields": {
        "object_repr": "5",
        "action_flag": 3,
        "action_time": "2015-03-12T22:37:58.315Z",
        "content_type": 13,
        "user": 1,
        "object_id": "5",
        "change_message": ""
    },
    "pk": 5,
    "model": "admin.logentry"
},
{
    "fields": {
        "object_repr": "6",
        "action_flag": 3,
        "action_time": "2015-03-12T22:37:58.318Z",
        "content_type": 13,
        "user": 1,
        "object_id": "6",
        "change_message": ""
    },
    "pk": 6,
    "model": "admin.logentry"
},
{
    "fields": {
        "object_repr": "7",
        "action_flag": 3,
        "action_time": "2015-03-12T22:37:58.321Z",
        "content_type": 13,
        "user": 1,
        "object_id": "7",
        "change_message": ""
    },
    "pk": 7,
    "model": "admin.logentry"
},
{
    "fields": {
        "object_repr": "8",
        "action_flag": 3,
        "action_time": "2015-03-12T22:37:58.324Z",
        "content_type": 13,
        "user": 1,
        "object_id": "8",
        "change_message": ""
    },
    "pk": 8,
    "model": "admin.logentry"
},
{
    "fields": {
        "object_repr": "9",
        "action_flag": 3,
        "action_time": "2015-03-12T22:37:58.326Z",
        "content_type": 13,
        "user": 1,
        "object_id": "9",
        "change_message": ""
    },
    "pk": 9,
    "model": "admin.logentry"
},
{
    "fields": {
        "object_repr": "10",
        "action_flag": 3,
        "action_time": "2015-03-12T22:37:58.328Z",
        "content_type": 13,
        "user": 1,
        "object_id": "10",
        "change_message": ""
    },
    "pk": 10,
    "model": "admin.logentry"
},
{
    "fields": {
        "object_repr": "11",
        "action_flag": 3,
        "action_time": "2015-03-12T22:37:58.329Z",
        "content_type": 13,
        "user": 1,
        "object_id": "11",
        "change_message": ""
    },
    "pk": 11,
    "model": "admin.logentry"
},
{
    "fields": {
        "object_repr": "12",
        "action_flag": 3,
        "action_time": "2015-03-12T22:37:58.332Z",
        "content_type": 13,
        "user": 1,
        "object_id": "12",
        "change_message": ""
    },
    "pk": 12,
    "model": "admin.logentry"
},
{
    "fields": {
        "object_repr": "13",
        "action_flag": 3,
        "action_time": "2015-03-12T22:37:58.334Z",
        "content_type": 13,
        "user": 1,
        "object_id": "13",
        "change_message": ""
    },
    "pk": 13,
    "model": "admin.logentry"
},
{
    "fields": {
        "object_repr": "14",
        "action_flag": 3,
        "action_time": "2015-03-12T22:37:58.336Z",
        "content_type": 13,
        "user": 1,
        "object_id": "14",
        "change_message": ""
    },
    "pk": 14,
    "model": "admin.logentry"
},
{
    "fields": {
        "object_repr": "15",
        "action_flag": 3,
        "action_time": "2015-03-12T22:37:58.339Z",
        "content_type": 13,
        "user": 1,
        "object_id": "15",
        "change_message": ""
    },
    "pk": 15,
    "model": "admin.logentry"
},
{
    "fields": {
        "object_repr": "16",
        "action_flag": 3,
        "action_time": "2015-03-12T22:37:58.341Z",
        "content_type": 13,
        "user": 1,
        "object_id": "16",
        "change_message": ""
    },
    "pk": 16,
    "model": "admin.logentry"
},
{
    "fields": {
        "object_repr": "17",
        "action_flag": 3,
        "action_time": "2015-03-12T22:37:58.343Z",
        "content_type": 13,
        "user": 1,
        "object_id": "17",
        "change_message": ""
    },
    "pk": 17,
    "model": "admin.logentry"
},
{
    "fields": {
        "object_repr": "18",
        "action_flag": 3,
        "action_time": "2015-03-12T22:37:58.345Z",
        "content_type": 13,
        "user": 1,
        "object_id": "18",
        "change_message": ""
    },
    "pk": 18,
    "model": "admin.logentry"
},
{
    "fields": {
        "object_repr": "19",
        "action_flag": 3,
        "action_time": "2015-03-12T22:37:58.346Z",
        "content_type": 13,
        "user": 1,
        "object_id": "19",
        "change_message": ""
    },
    "pk": 19,
    "model": "admin.logentry"
},
{
    "fields": {
        "object_repr": "20",
        "action_flag": 3,
        "action_time": "2015-03-12T22:37:58.349Z",
        "content_type": 13,
        "user": 1,
        "object_id": "20",
        "change_message": ""
    },
    "pk": 20,
    "model": "admin.logentry"
},
{
    "fields": {
        "object_repr": "21",
        "action_flag": 3,
        "action_time": "2015-03-12T22:37:58.351Z",
        "content_type": 13,
        "user": 1,
        "object_id": "21",
        "change_message": ""
    },
    "pk": 21,
    "model": "admin.logentry"
},
{
    "fields": {
        "object_repr": "Add_report",
        "action_flag": 2,
        "action_time": "2015-03-12T23:44:09.490Z",
        "content_type": 8,
        "user": 1,
        "object_id": "1",
        "change_message": "Changed parameter for field perstep \"1\". Changed parameter for field perstep \"2\". Changed parameter for field perstep \"3\". Changed parameter for field perstep \"4\". Changed parameter for field perstep \"5\". Changed parameter for field perstep \"6\". Changed parameter for field perstep \"7\"."
    },
    "pk": 22,
    "model": "admin.logentry"
},
{
    "fields": {
        "object_repr": "Value_report",
        "action_flag": 2,
        "action_time": "2015-03-12T23:46:12.324Z",
        "content_type": 8,
        "user": 1,
        "object_id": "2",
        "change_message": "Changed parameter for field perstep \"8\". Changed parameter for field perstep \"9\". Changed parameter for field perstep \"10\". Changed parameter for field perstep \"11\". Changed parameter for field perstep \"12\". Changed parameter for field perstep \"13\". Changed parameter for field perstep \"14\"."
    },
    "pk": 23,
    "model": "admin.logentry"
},
{
    "fields": {
        "object_repr": "Value_report",
        "action_flag": 2,
        "action_time": "2015-03-12T23:47:46.029Z",
        "content_type": 8,
        "user": 1,
        "object_id": "2",
        "change_message": "Changed parameter for field perstep \"8\"."
    },
    "pk": 24,
    "model": "admin.logentry"
},
{
    "fields": {
        "object_repr": "1",
        "action_flag": 1,
        "action_time": "2015-03-13T10:25:15.940Z",
        "content_type": 14,
        "user": 1,
        "object_id": "1",
        "change_message": ""
    },
    "pk": 25,
    "model": "admin.logentry"
},
{
    "fields": {
        "object_repr": "22",
        "action_flag": 2,
        "action_time": "2015-03-13T10:38:38.693Z",
        "content_type": 13,
        "user": 1,
        "object_id": "22",
        "change_message": "Changed currentstep."
    },
    "pk": 26,
    "model": "admin.logentry"
},
{
    "fields": {
        "object_repr": "Add_report",
        "action_flag": 2,
        "action_time": "2015-03-13T10:57:32.633Z",
        "content_type": 8,
        "user": 1,
        "object_id": "1",
        "change_message": "Changed parameter for field perstep \"1\"."
    },
    "pk": 27,
    "model": "admin.logentry"
},
{
    "fields": {
        "object_repr": "Add_report",
        "action_flag": 2,
        "action_time": "2015-03-13T10:59:33.608Z",
        "content_type": 8,
        "user": 1,
        "object_id": "1",
        "change_message": "Changed parameter for field perstep \"1\"."
    },
    "pk": 28,
    "model": "admin.logentry"
},
{
    "fields": {
        "object_repr": "Add_report",
        "action_flag": 2,
        "action_time": "2015-03-13T11:00:12.958Z",
        "content_type": 8,
        "user": 1,
        "object_id": "1",
        "change_message": "Changed parameter for field perstep \"1\"."
    },
    "pk": 29,
    "model": "admin.logentry"
},
{
    "fields": {
        "object_repr": "Initiate process",
        "action_flag": 2,
        "action_time": "2015-03-13T11:13:53.734Z",
        "content_type": 9,
        "user": 1,
        "object_id": "1",
        "change_message": "Changed prestep."
    },
    "pk": 30,
    "model": "admin.logentry"
},
{
    "fields": {
        "object_repr": "Inquiry",
        "action_flag": 1,
        "action_time": "2015-03-13T11:15:23.587Z",
        "content_type": 9,
        "user": 1,
        "object_id": "4",
        "change_message": ""
    },
    "pk": 31,
    "model": "admin.logentry"
}
]
