[
{
    "model": "auth.user",
    "fields": {
        "date_joined": "2015-03-12T22:37:30.033Z",
        "groups": [],
        "last_name": "",
        "is_staff": false,
        "first_name": "",
        "is_superuser": false,
        "username": "dwt",
        "email": "",
        "last_login": "2015-03-12T22:37:35.180Z",
        "is_active": true,
        "user_permissions": [],
        "password": ""
    },
    "pk": 1
},
{
    "fields": {
        "name": "Murksmeldung",
        "version": 1,
        "refering": null,
        "status": 1,
        "descript": "Murks-Report über Geräte die aufgrund geplanter obsoleszenz ausgefallen sind."
    },
    "pk": 1,
    "model": "process.processdef"
},
{
    "fields": {
        "name": "Add_report",
        "role": 1,
        "process": 1,
        "actiontype": 1,
        "index": 1,
        "descript": "Der 'Murksreporter' berichtet über einen neuen Murks."
    },
    "pk": 1,
    "model": "process.processstep"
},
{
    "fields": {
        "name": "Value_report",
        "role": 2,
        "process": 1,
        "actiontype": 1,
        "index": 2,
        "descript": "Der Murksreport wird auf vollständigkeit geprüft und entweder veröffentlicht oder rückgefragt."
    },
    "pk": 2,
    "model": "process.processstep"
},
{
    "fields": {
        "name": "Publish_report",
        "role": 3,
        "process": 1,
        "actiontype": 1,
        "index": 3,
        "descript": "Der Murksreport ist vollständig und wurde veröffentlicht"
    },
    "pk": 3,
    "model": "process.processstep"
},
{
    "fields": {
        "name": "Initiate process",
        "process": 1,
        "selfstep": 1,
        "remark": "Markiert den initialen Schritt bei der erzeugung eines Murksreports",
        "logic": "0",
        "prestep": null
    },
    "pk": 1,
    "model": "process.statusscheme"
},
{
    "fields": {
        "name": "Valuation",
        "process": 1,
        "selfstep": 2,
        "remark": "Murksreport prüfen",
        "logic": "0",
        "prestep": 1
    },
    "pk": 2,
    "model": "process.statusscheme"
},
{
    "fields": {
        "name": "Clearance",
        "process": 1,
        "selfstep": 3,
        "remark": "Murksreport veröffentlichen",
        "logic": "0",
        "prestep": 2
    },
    "pk": 3,
    "model": "process.statusscheme"
},
{
    "fields": {
        "name": "Inquiry",
        "process": 1,
        "selfstep": 1,
        "remark": "Wegen fehlenden Informationen nachhaken",
        "logic": "",
        "prestep": 2
    },
    "pk": 4,
    "model": "process.statusscheme"
},
{
    "fields": {
        "order": 1,
        "field_definition": 1,
        "editdefault": "",
        "step": 1,
        "interaction": 2,
        "parameter": "{\"should_show_in_overview\":true}"
    },
    "pk": 1,
    "model": "process.fieldperstep"
},
{
    "fields": {
        "order": 2,
        "field_definition": 2,
        "editdefault": "",
        "step": 1,
        "interaction": 2,
        "parameter": "{}"
    },
    "pk": 2,
    "model": "process.fieldperstep"
},
{
    "fields": {
        "order": 3,
        "field_definition": 3,
        "editdefault": "",
        "step": 1,
        "interaction": 2,
        "parameter": "{}"
    },
    "pk": 3,
    "model": "process.fieldperstep"
},
{
    "fields": {
        "order": 4,
        "field_definition": 4,
        "editdefault": "",
        "step": 1,
        "interaction": 1,
        "parameter": "{}"
    },
    "pk": 4,
    "model": "process.fieldperstep"
},
{
    "fields": {
        "order": 5,
        "field_definition": 5,
        "editdefault": "",
        "step": 1,
        "interaction": 1,
        "parameter": "{}"
    },
    "pk": 5,
    "model": "process.fieldperstep"
},
{
    "fields": {
        "order": 6,
        "field_definition": 6,
        "editdefault": "",
        "step": 1,
        "interaction": 2,
        "parameter": "{}"
    },
    "pk": 6,
    "model": "process.fieldperstep"
},
{
    "fields": {
        "order": 7,
        "field_definition": 7,
        "editdefault": "",
        "step": 1,
        "interaction": 1,
        "parameter": "{}"
    },
    "pk": 7,
    "model": "process.fieldperstep"
},
{
    "fields": {
        "order": 1,
        "field_definition": 1,
        "editdefault": "",
        "step": 2,
        "interaction": 0,
        "parameter": "{\"should_show_in_overview\":true}"
    },
    "pk": 8,
    "model": "process.fieldperstep"
},
{
    "fields": {
        "order": 2,
        "field_definition": 2,
        "editdefault": "",
        "step": 2,
        "interaction": 0,
        "parameter": "{}"
    },
    "pk": 9,
    "model": "process.fieldperstep"
},
{
    "fields": {
        "order": 3,
        "field_definition": 3,
        "editdefault": "",
        "step": 2,
        "interaction": 0,
        "parameter": "{}"
    },
    "pk": 10,
    "model": "process.fieldperstep"
},
{
    "fields": {
        "order": 4,
        "field_definition": 4,
        "editdefault": "",
        "step": 2,
        "interaction": 0,
        "parameter": "{}"
    },
    "pk": 11,
    "model": "process.fieldperstep"
},
{
    "fields": {
        "order": 5,
        "field_definition": 5,
        "editdefault": "",
        "step": 2,
        "interaction": 0,
        "parameter": "{}"
    },
    "pk": 12,
    "model": "process.fieldperstep"
},
{
    "fields": {
        "order": 6,
        "field_definition": 6,
        "editdefault": "",
        "step": 2,
        "interaction": 0,
        "parameter": "{}"
    },
    "pk": 13,
    "model": "process.fieldperstep"
},
{
    "fields": {
        "order": 7,
        "field_definition": 7,
        "editdefault": "",
        "step": 2,
        "interaction": 0,
        "parameter": "{}"
    },
    "pk": 14,
    "model": "process.fieldperstep"
},
{
    "fields": {
        "order": 1,
        "field_definition": 1,
        "editdefault": "",
        "step": 3,
        "interaction": 0,
        "parameter": ""
    },
    "pk": 15,
    "model": "process.fieldperstep"
},
{
    "fields": {
        "order": 2,
        "field_definition": 2,
        "editdefault": "",
        "step": 3,
        "interaction": 0,
        "parameter": ""
    },
    "pk": 16,
    "model": "process.fieldperstep"
},
{
    "fields": {
        "order": 3,
        "field_definition": 3,
        "editdefault": "",
        "step": 3,
        "interaction": 0,
        "parameter": ""
    },
    "pk": 17,
    "model": "process.fieldperstep"
},
{
    "fields": {
        "order": 4,
        "field_definition": 6,
        "editdefault": "",
        "step": 3,
        "interaction": 0,
        "parameter": ""
    },
    "pk": 18,
    "model": "process.fieldperstep"
},
{
    "fields": {
        "order": 5,
        "field_definition": 7,
        "editdefault": "",
        "step": 3,
        "interaction": 0,
        "parameter": ""
    },
    "pk": 19,
    "model": "process.fieldperstep"
},
{
    "fields": {
        "name": "category",
        "fieldhelp": "Kategorie des gemeldeten Ger\u00e4ts, entsprechend einer (noch zu definierenden) Liste",
        "process": null,
        "length": 1,
        "fieldtype": 1,
        "type": 8,
        "parent": 1,
        "descript": "Device category"
    },
    "pk": 1,
    "model": "process.fielddefinition"
},
{
    "fields": {
        "name": "producer",
        "fieldhelp": "Hersteller oder Marke des Ger\u00e4ts",
        "process": null,
        "length": 1,
        "fieldtype": 1,
        "type": 40,
        "parent": 1,
        "descript": "Company or brand name"
    },
    "pk": 2,
    "model": "process.fielddefinition"
},
{
    "fields": {
        "name": "model",
        "fieldhelp": "Modellbezeichnung oder Typnummer des Ger\u00e4ts",
        "process": null,
        "length": 1,
        "fieldtype": 1,
        "type": 40,
        "parent": 1,
        "descript": "Model Code"
    },
    "pk": 3,
    "model": "process.fielddefinition"
},
{
    "fields": {
        "name": "date_bought",
        "fieldhelp": "Kaufdatum als Neuger\u00e4ts",
        "process": null,
        "length": 1,
        "fieldtype": 5,
        "type": 1,
        "parent": 1,
        "descript": "Date when the device was bought new"
    },
    "pk": 4,
    "model": "process.fielddefinition"
},
{
    "fields": {
        "name": "date_failed",
        "fieldhelp": "Datum an dem das Ger\u00e4t erstmals ausfiel ",
        "process": null,
        "length": 1,
        "fieldtype": 5,
        "type": 1,
        "parent": 1,
        "descript": "Date when the device failed first"
    },
    "pk": 5,
    "model": "process.fielddefinition"
},
{
    "fields": {
        "name": "failure",
        "fieldhelp": "Fehlerbeschreibung",
        "process": null,
        "length": 1,
        "fieldtype": 1,
        "type": 400,
        "parent": 1,
        "descript": "Failure or error description"
    },
    "pk": 6,
    "model": "process.fielddefinition"
},
{
    "fields": {
        "name": "fail_planned",
        "fieldhelp": "Aspekt des Fehlers, der auf geplanten Verschleiss hinweist",
        "process": null,
        "length": 1,
        "fieldtype": 1,
        "type": 200,
        "parent": 1,
        "descript": "planned aspect of failure "
    },
    "pk": 7,
    "model": "process.fielddefinition"
},
{
    "fields": {
        "name": "User",
        "process": 1,
        "descript": "Registered User allowed to send Murksreports"
    },
    "pk": 1,
    "model": "process.roledef"
},
{
    "fields": {
        "name": "Editor",
        "process": 1,
        "descript": "Murksredakteur who values user reports"
    },
    "pk": 2,
    "model": "process.roledef"
},
{
    "fields": {
        "name": "Reader",
        "process": 1,
        "descript": "Web user reading reports or statistics"
    },
    "pk": 3,
    "model": "process.roledef"
},
{
    "fields": {
        "procdata": "{\"category\":\"foo\",\"producer\":\"bar\",\"model\":\"\",\"date_bought\":\"\",\"date_failed\":\"\",\"failure\":\"\",\"fail_planned\":\"\"}",
        "process": 1,
        "starttime": "2015-03-12T22:38:06Z",
        "stoptime": "2015-03-12T22:38:06Z",
        "status": 3,
        "currentstep": 1
    },
    "pk": 22,
    "model": "process.procinstance"
},
{
    "fields": {
        "procdata": "{\"category\":\"\",\"producer\":\"\",\"model\":\"\",\"date_bought\":\"\",\"date_failed\":\"asdf\",\"failure\":\"\",\"fail_planned\":\"\"}",
        "process": 1,
        "starttime": "2015-03-13T09:09:32.728Z",
        "stoptime": "2015-03-13T09:09:32.729Z",
        "status": 3,
        "currentstep": 3
    },
    "pk": 23,
    "model": "process.procinstance"
},
{
    "fields": {
        "entrytime": "2015-03-13T10:25:13Z",
        "pycuser": 1,
        "role": 1,
        "procinst": 22,
        "exittime": null
    },
    "pk": 1,
    "model": "process.roleinstance"
},
{
    "fields": {
        "time": "2015-02-07T13:10:02Z",
        "action": "Log Demo manuell "
    },
    "pk": 2,
    "model": "process.pyclog"
}
]
